<?xml version="1.0" encoding="UTF-8"?><MD_Metadata xmlns:xlink="http://www.w3.org/1999/xlink" xmlns:srv="http://www.isotc211.org/2005/srv" xmlns:gts="http://www.isotc211.org/2005/gts" xmlns:xalan="http://xml.apache.org/xalan" xmlns:gco="http://www.isotc211.org/2005/gco" xmlns:gml="http://www.opengis.net/gml" xmlns:xsi="http://www.w3.org/2001/XMLSchema-instance" xmlns="http://www.isotc211.org/2005/gmd">
    <fileIdentifier>
        <gco:CharacterString>acf64966af5f48a1a40fdbcb31238ba7</gco:CharacterString>
    </fileIdentifier>
    <language>
        <LanguageCode codeList="http://www.loc.gov/standards/iso639-2/php/code_list.php" codeListValue="eng" codeSpace="ISO639-2">eng</LanguageCode>
    </language>
    <characterSet>
        <MD_CharacterSetCode codeList="http://www.isotc211.org/2005/resources/Codelist/gmxCodelists.xml#MD_CharacterSetCode" codeListValue="utf8" codeSpace="ISOTC211/19115">utf8</MD_CharacterSetCode>
    </characterSet>
    <hierarchyLevel>
        <MD_ScopeCode codeList="http://www.isotc211.org/2005/resources/Codelist/gmxCodelists.xml#MD_ScopeCode" codeListValue="dataset" codeSpace="ISOTC211/19115">dataset</MD_ScopeCode>
    </hierarchyLevel>
    <hierarchyLevelName>
        <gco:CharacterString>dataset</gco:CharacterString>
    </hierarchyLevelName>
    <contact>
        <CI_ResponsibleParty>
            <individualName>
                <gco:CharacterString>Federal Aviation Administration, Aeronautical Information Services</gco:CharacterString>
            </individualName>
            <organisationName>
                <gco:CharacterString>Aeronautical Information Services</gco:CharacterString>
            </organisationName>
            <positionName>
                <gco:CharacterString>Aeronautical Information Specialist</gco:CharacterString>
            </positionName>
            <contactInfo>
                <CI_Contact>
                    <phone>
                        <CI_Telephone>
                            <voice>
                                <gco:CharacterString>1-800-638-8972</gco:CharacterString>
                            </voice>
                        </CI_Telephone>
                    </phone>
                    <address>
                        <CI_Address>
                            <deliveryPoint>
                                <gco:CharacterString>1305 East-West Highway</gco:CharacterString>
                            </deliveryPoint>
                            <deliveryPoint>
                                <gco:CharacterString>SSMC-4, Suite 4400</gco:CharacterString>
                            </deliveryPoint>
                            <city>
                                <gco:CharacterString>Silver Spring</gco:CharacterString>
                            </city>
                            <administrativeArea>
                                <gco:CharacterString>Maryland</gco:CharacterString>
                            </administrativeArea>
                            <postalCode>
                                <gco:CharacterString>20910-3281</gco:CharacterString>
                            </postalCode>
                            <country>
                                <Country codeList="http://www.iso.org/iso/country_codes/iso_3166_code_lists.htm" codeListValue="US" codeSpace="ISO3166-1">US</Country>
                            </country>
                            <electronicMailAddress>
                                <gco:CharacterString>9-AMC-Aerochart@faa.gov</gco:CharacterString>
                            </electronicMailAddress>
                        </CI_Address>
                    </address>
                    <contactInstructions>
                        <gco:CharacterString>Please provide a brief description of your concern as well as information on how you can be contacted (name and telephone number or e-mail address).</gco:CharacterString>
                    </contactInstructions>
                </CI_Contact>
            </contactInfo>
            <role>
                <CI_RoleCode codeList="http://www.isotc211.org/2005/resources/Codelist/gmxCodelists.xml#CI_RoleCode" codeListValue="originator" codeSpace="ISOTC211/19115">originator</CI_RoleCode>
            </role>
        </CI_ResponsibleParty>
    </contact>
    <dateStamp>
        <gco:Date>2020-11-05</gco:Date>
    </dateStamp>
    <metadataStandardName>
        <gco:CharacterString>ISO 19139 Geographic Information - Metadata - Implementation Specification</gco:CharacterString>
    </metadataStandardName>
    <metadataStandardVersion>
        <gco:CharacterString>2007</gco:CharacterString>
    </metadataStandardVersion>
    <spatialRepresentationInfo>
        <MD_VectorSpatialRepresentation>
            <topologyLevel>
                <MD_TopologyLevelCode codeList="http://www.isotc211.org/2005/resources/Codelist/gmxCodelists.xml#MD_TopologyLevelCode" codeListValue="geometryOnly" codeSpace="ISOTC211/19115">geometryOnly</MD_TopologyLevelCode>
            </topologyLevel>
            <geometricObjects>
                <MD_GeometricObjects>
                    <geometricObjectType>
                        <MD_GeometricObjectTypeCode codeList="http://www.isotc211.org/2005/resources/Codelist/gmxCodelists.xml#MD_GeometricObjectTypeCode" codeListValue="composite" codeSpace="ISOTC211/19115">composite</MD_GeometricObjectTypeCode>
                    </geometricObjectType>
                    <geometricObjectCount>
                        <gco:Integer>19273</gco:Integer>
                    </geometricObjectCount>
                </MD_GeometricObjects>
            </geometricObjects>
        </MD_VectorSpatialRepresentation>
    </spatialRepresentationInfo>
    <referenceSystemInfo>
        <MD_ReferenceSystem>
            <referenceSystemIdentifier>
                <RS_Identifier>
                    <code>
                        <gco:CharacterString>4269</gco:CharacterString>
                    </code>
                    <codeSpace>
                        <gco:CharacterString>EPSG</gco:CharacterString>
                    </codeSpace>
                    <version>
                        <gco:CharacterString>6.12(3.0.1)</gco:CharacterString>
                    </version>
                </RS_Identifier>
            </referenceSystemIdentifier>
        </MD_ReferenceSystem>
    </referenceSystemInfo>
    <identificationInfo>
        <MD_DataIdentification>
            <citation>
                <CI_Citation>
                    <title>
                        <gco:CharacterString>ATS Route</gco:CharacterString>
                    </title>
                    <date>
                        <CI_Date>
                            <date>
                                <gco:DateTime>2020-11-05T09:01:00</gco:DateTime>
                            </date>
                            <dateType>
                                <CI_DateTypeCode codeList="http://www.isotc211.org/2005/resources/Codelist/gmxCodelists.xml#CI_DateTypeCode" codeListValue="publication" codeSpace="ISOTC211/19115">publication</CI_DateTypeCode>
                            </dateType>
                        </CI_Date>
                    </date>
                    <citedResponsibleParty>
                        <CI_ResponsibleParty>
                            <individualName>
                                <gco:CharacterString>Federal Aviation Administration, Aeronautical Information Services</gco:CharacterString>
                            </individualName>
                            <organisationName>
                                <gco:CharacterString>Aeronautical Information Services</gco:CharacterString>
                            </organisationName>
                            <positionName>
                                <gco:CharacterString>Aeronautical Information Specialist</gco:CharacterString>
                            </positionName>
                            <contactInfo>
                                <CI_Contact>
                                    <phone>
                                        <CI_Telephone>
                                            <voice>
                                                <gco:CharacterString>1-800-638-8972</gco:CharacterString>
                                            </voice>
                                        </CI_Telephone>
                                    </phone>
                                    <address>
                                        <CI_Address>
                                            <deliveryPoint>
                                                <gco:CharacterString>1305 East-West Highway</gco:CharacterString>
                                            </deliveryPoint>
                                            <deliveryPoint>
                                                <gco:CharacterString>SSMC-4, Suite 4400</gco:CharacterString>
                                            </deliveryPoint>
                                            <city>
                                                <gco:CharacterString>Silver Spring</gco:CharacterString>
                                            </city>
                                            <administrativeArea>
                                                <gco:CharacterString>Maryland</gco:CharacterString>
                                            </administrativeArea>
                                            <postalCode>
                                                <gco:CharacterString>20910-3281</gco:CharacterString>
                                            </postalCode>
                                            <country>
                                                <Country codeList="http://www.iso.org/iso/country_codes/iso_3166_code_lists.htm" codeListValue="US" codeSpace="ISO3166-1">US</Country>
                                            </country>
                                            <electronicMailAddress>
                                                <gco:CharacterString>9-AMC-Aerochart@faa.gov</gco:CharacterString>
                                            </electronicMailAddress>
                                        </CI_Address>
                                    </address>
                                    <contactInstructions>
                                        <gco:CharacterString>Please provide a brief description of your concern as well as information on how you can be contacted (name and telephone number or e-mail address).</gco:CharacterString>
                                    </contactInstructions>
                                </CI_Contact>
                            </contactInfo>
                            <role>
                                <CI_RoleCode codeList="http://www.isotc211.org/2005/resources/Codelist/gmxCodelists.xml#CI_RoleCode" codeListValue="originator" codeSpace="ISOTC211/19115">originator</CI_RoleCode>
                            </role>
                        </CI_ResponsibleParty>
                    </citedResponsibleParty>
                    <presentationForm>
                        <CI_PresentationFormCode codeList="http://www.isotc211.org/2005/resources/Codelist/gmxCodelists.xml#CI_PresentationFormCode" codeListValue="documentDigital" codeSpace="ISOTC211/19115">documentDigital</CI_PresentationFormCode>
                    </presentationForm>
                    <otherCitationDetails>
                        <gco:CharacterString>Acknowledgement of the FAA would be appreciated in products derived from these data. When product developers or other customers acknowledge the FAA as the source of the data, the FAA seal or initials cannot be used to imply that a product is endorsed, approved, or authorized by the FAA.</gco:CharacterString>
                    </otherCitationDetails>
                </CI_Citation>
            </citation>
            <abstract>
                <gco:CharacterString>ATS Route is a specified route designed for channeling the flow of traffic as necessary for the provision of air traffic services. The ATS Route data is provided as a vector geospatial enabled file format.ATS Routes information is published every eight weeks by the U.S. Department of Transportation, Federal Aviation Administration-Aeronautical Information Services. 
Current Effective Date: 0901Z 05 Nov. 2020 to 0901Z 31 Dec. 2020.</gco:CharacterString>
            </abstract>
            <purpose>
                <gco:CharacterString>ATS Routes of the United States, Puerto Rico, and Virgin Islands.</gco:CharacterString>
            </purpose>
            <credit>
                <gco:CharacterString>Federal Aviation Administration, Air Traffic Organization, Mission Support Services, Aeronautical Information Services.</gco:CharacterString>
            </credit>
            <status>
                <MD_ProgressCode codeList="http://www.isotc211.org/2005/resources/Codelist/gmxCodelists.xml#MD_ProgressCode" codeListValue="completed" codeSpace="ISOTC211/19115">completed</MD_ProgressCode>
            </status>
            <pointOfContact>
                <CI_ResponsibleParty>
                    <individualName>
                        <gco:CharacterString>Federal Aviation Administration, Aeronautical Information Services</gco:CharacterString>
                    </individualName>
                    <organisationName>
                        <gco:CharacterString>Aeronautical Information Services</gco:CharacterString>
                    </organisationName>
                    <positionName>
                        <gco:CharacterString>Aeronautical Information Specialist</gco:CharacterString>
                    </positionName>
                    <contactInfo>
                        <CI_Contact>
                            <phone>
                                <CI_Telephone>
                                    <voice>
                                        <gco:CharacterString>1-800-638-8972</gco:CharacterString>
                                    </voice>
                                </CI_Telephone>
                            </phone>
                            <address>
                                <CI_Address>
                                    <deliveryPoint>
                                        <gco:CharacterString>1305 East-West Highway</gco:CharacterString>
                                    </deliveryPoint>
                                    <deliveryPoint>
                                        <gco:CharacterString>SSMC-4, Suite 4400</gco:CharacterString>
                                    </deliveryPoint>
                                    <city>
                                        <gco:CharacterString>Silver Spring</gco:CharacterString>
                                    </city>
                                    <administrativeArea>
                                        <gco:CharacterString>Maryland</gco:CharacterString>
                                    </administrativeArea>
                                    <postalCode>
                                        <gco:CharacterString>20910-3281</gco:CharacterString>
                                    </postalCode>
                                    <country>
                                        <Country codeList="http://www.iso.org/iso/country_codes/iso_3166_code_lists.htm" codeListValue="US" codeSpace="ISO3166-1">US</Country>
                                    </country>
                                    <electronicMailAddress>
                                        <gco:CharacterString>9-AMC-Aerochart@faa.gov</gco:CharacterString>
                                    </electronicMailAddress>
                                </CI_Address>
                            </address>
                            <contactInstructions>
                                <gco:CharacterString>Please provide a brief description of your concern as well as information on how you can be contacted (name and telephone number or e-mail address).</gco:CharacterString>
                            </contactInstructions>
                        </CI_Contact>
                    </contactInfo>
                    <role>
                        <CI_RoleCode codeList="http://www.isotc211.org/2005/resources/Codelist/gmxCodelists.xml#CI_RoleCode" codeListValue="originator" codeSpace="ISOTC211/19115">originator</CI_RoleCode>
                    </role>
                </CI_ResponsibleParty>
            </pointOfContact>
            <resourceMaintenance>
                <MD_MaintenanceInformation>
                    <maintenanceAndUpdateFrequency>
                        <MD_MaintenanceFrequencyCode codeList="http://www.isotc211.org/2005/resources/Codelist/gmxCodelists.xml#MD_MaintenanceFrequencyCode" codeListValue="asNeeded" codeSpace="ISOTC211/19115">asNeeded</MD_MaintenanceFrequencyCode>
                    </maintenanceAndUpdateFrequency>
                    <dateOfNextUpdate>
                        <gco:DateTime>2020-12-31T09:01:00</gco:DateTime>
                    </dateOfNextUpdate>
                    <userDefinedMaintenanceFrequency>
                        <gts:TM_PeriodDuration>Every 56 days cycle</gts:TM_PeriodDuration>
                    </userDefinedMaintenanceFrequency>
                </MD_MaintenanceInformation>
            </resourceMaintenance>
            <descriptiveKeywords>
                <MD_Keywords>
                    <keyword>
                        <gco:CharacterString>Routes - FAA - ATS</gco:CharacterString>
                    </keyword>
                    <keyword>
                        <gco:CharacterString>airway - advisory route - controlled route - uncontrolled route - air traffic - high chart - low chart</gco:CharacterString>
                    </keyword>
                    <type>
                        <MD_KeywordTypeCode codeList="http://www.isotc211.org/2005/resources/Codelist/gmxCodelists.xml#MD_KeywordTypeCode" codeListValue="theme" codeSpace="ISOTC211/19115">theme</MD_KeywordTypeCode>
                    </type>
                </MD_Keywords>
            </descriptiveKeywords>
            <descriptiveKeywords>
                <MD_Keywords>
                    <keyword>
                        <gco:CharacterString>Routes - FAA - ATS</gco:CharacterString>
                    </keyword>
                    <keyword>
                        <gco:CharacterString>airway - advisory route - controlled route - uncontrolled route - air traffic - high chart - low chart</gco:CharacterString>
                    </keyword>
                    <type>
                        <MD_KeywordTypeCode codeList="http://www.isotc211.org/2005/resources/Codelist/gmxCodelists.xml#MD_KeywordTypeCode" codeListValue="theme" codeSpace="ISOTC211/19115">theme</MD_KeywordTypeCode>
                    </type>
                </MD_Keywords>
            </descriptiveKeywords>
            <descriptiveKeywords>
                <MD_Keywords>
                    <keyword>
                        <gco:CharacterString>Downloadable Data</gco:CharacterString>
                    </keyword>
                    <thesaurusName uuidref="723f6998-058e-11dc-8314-0800200c9a66"/>
                </MD_Keywords>
            </descriptiveKeywords>
            <resourceConstraints>
                <MD_Constraints>
                    <useLimitation>
                        <gco:CharacterString>The data provided is for public use. A limited number of Non-US Landing Facilities are included in this file. Some of these, in particular the Canadian facilities, are included to facilitate cartographic requirements in border regions. These records are not guaranteed to be complete and are not inclusive of all Canadian facilities. This airport data should not be considered official source for non-US facilities. Please contact the appropriate authority for more accurate and updated non-US airports data. Acknowledgement of the FAA would be appreciated in products derived from these data. When product developers or other customers acknowledge the FAA as the source of the data, the FAA seal or initials cannot be used to imply that a product is endorsed, approved, or authorized by the FAA.</gco:CharacterString>
                    </useLimitation>
                </MD_Constraints>
            </resourceConstraints>
            <resourceConstraints>
                <MD_SecurityConstraints>
                    <classification>
                        <MD_ClassificationCode codeList="http://www.isotc211.org/2005/resources/Codelist/gmxCodelists.xml#MD_ClassificationCode" codeListValue="unclassified" codeSpace="ISOTC211/19115">unclassified</MD_ClassificationCode>
                    </classification>
                </MD_SecurityConstraints>
            </resourceConstraints>
            <spatialRepresentationType>
                <MD_SpatialRepresentationTypeCode codeList="http://www.isotc211.org/2005/resources/Codelist/gmxCodelists.xml#MD_SpatialRepresentationTypeCode" codeListValue="vector" codeSpace="ISOTC211/19115">vector</MD_SpatialRepresentationTypeCode>
            </spatialRepresentationType>
            <language>
                <LanguageCode codeList="http://www.loc.gov/standards/iso639-2/php/code_list.php" codeListValue="eng" codeSpace="ISO639-2">eng</LanguageCode>
            </language>
            <characterSet>
                <MD_CharacterSetCode codeList="http://www.isotc211.org/2005/resources/Codelist/gmxCodelists.xml#MD_CharacterSetCode" codeListValue="utf8" codeSpace="ISOTC211/19115">utf8</MD_CharacterSetCode>
            </characterSet>
            <topicCategory>
                <MD_TopicCategoryCode>transportation</MD_TopicCategoryCode>
            </topicCategory>
            <topicCategory>
                <MD_TopicCategoryCode>utilitiesCommunication</MD_TopicCategoryCode>
            </topicCategory>
            <environmentDescription>
                <gco:CharacterString>Version 6.2 (Build 9200) ; Esri ArcGIS 10.5.1.7333</gco:CharacterString>
            </environmentDescription>
            <extent>
                <EX_Extent>
                    <description>
                        <gco:CharacterString>Data published every 56 days based on AIRAC System. AIRAC stands for Aeronautical Information Regulation And Control and steps from the Annex 15 - Aeronautical Information Services (AIS) document and defines a series of common dates and an associated standard aeronautical information publication procedure for States.
The time is Coordinated Universal Time ( Zulu Time "Z"). Days are Local.</gco:CharacterString>
                    </description>
                </EX_Extent>
            </extent>
            <extent>
                <EX_Extent>
                    <geographicElement>
                        <EX_GeographicBoundingBox>
                            <extentTypeCode>
                                <gco:Boolean>true</gco:Boolean>
                            </extentTypeCode>
                            <westBoundLongitude>
                                <gco:Decimal>-180</gco:Decimal>
                            </westBoundLongitude>
                            <eastBoundLongitude>
                                <gco:Decimal>180</gco:Decimal>
                            </eastBoundLongitude>
                            <southBoundLatitude>
                                <gco:Decimal>-5</gco:Decimal>
                            </southBoundLatitude>
                            <northBoundLatitude>
                                <gco:Decimal>71.561667</gco:Decimal>
                            </northBoundLatitude>
                        </EX_GeographicBoundingBox>
                    </geographicElement>
                </EX_Extent>
            </extent>
        </MD_DataIdentification>
    </identificationInfo>
    <metadataConstraints>
        <MD_SecurityConstraints>
            <classification>
                <MD_ClassificationCode codeList="http://www.isotc211.org/2005/resources/Codelist/gmxCodelists.xml#MD_ClassificationCode" codeListValue="unclassified" codeSpace="ISOTC211/19115">unclassified</MD_ClassificationCode>
            </classification>
        </MD_SecurityConstraints>
    </metadataConstraints>
    <metadataMaintenance>
        <MD_MaintenanceInformation>
            <maintenanceAndUpdateFrequency>
                <MD_MaintenanceFrequencyCode codeList="http://www.isotc211.org/2005/resources/Codelist/gmxCodelists.xml#MD_MaintenanceFrequencyCode" codeListValue="asNeeded" codeSpace="ISOTC211/19115">asNeeded</MD_MaintenanceFrequencyCode>
            </maintenanceAndUpdateFrequency>
            <dateOfNextUpdate>
                <gco:DateTime>2020-12-31T09:01:00</gco:DateTime>
            </dateOfNextUpdate>
            <userDefinedMaintenanceFrequency>
                <gts:TM_PeriodDuration>Every 56 days cycle</gts:TM_PeriodDuration>
            </userDefinedMaintenanceFrequency>
        </MD_MaintenanceInformation>
    </metadataMaintenance>
</MD_Metadata>
